gpu_count,speedup,estimated_s
4,1.0129600298343355,0.9829410447893584
